,name,Lat,Lng,temp,temp_max,humidity,clouds,speed
0,Tucson,32.2217,-110.9265,91.18,94.23,44,0,11.5
1,Saint-Philippe,-21.3585,55.7679,66.54,67.59,75,35,11.63
2,Sistranda,63.7256,8.834,62.56,62.56,77,79,12.3
3,Glenwood Springs,39.5505,-107.3248,76.68,89.89,31,0,0.0
4,Vostok,46.4856,135.8833,64.22,64.22,54,23,1.72
5,Mataura,-46.1927,168.8643,49.48,49.48,58,100,1.9
6,Bethel,41.3712,-73.414,77.02,81.75,67,100,0.0
7,Lebu,-37.6167,-73.65,46.87,46.87,78,22,17.9
8,Barrow,71.2906,-156.7887,41.02,41.02,100,100,5.75
9,Takoradze,4.8845,-1.7554,73.33,73.33,87,11,4.07
10,Yellowknife,62.456,-114.3525,68.52,68.52,56,75,6.91
11,Kapaa,22.0752,-159.319,82.2,86.32,73,40,10.36
12,Puerto Palomas,31.7667,-107.6167,78.85,78.85,46,98,13.62
13,Norman Wells,65.282,-126.8329,69.84,69.84,64,75,4.61
14,Rikitea,-23.1203,-134.9692,69.21,69.21,66,80,16.89
15,Logansport,40.7545,-86.3567,79.45,81.21,58,5,7.14
16,Khatanga,71.9667,102.5,46.26,46.26,79,100,12.12
17,Butaritari,3.0707,172.7902,81.66,81.66,67,16,4.65
18,Vaini,-21.2,-175.2,77.16,77.16,83,40,11.5
19,Hithadhoo,-0.6,73.0833,81.07,81.07,74,99,5.82
20,Jamestown,42.097,-79.2353,72.5,73.04,72,0,4.61
21,Hobart,-42.8794,147.3294,55.27,57.25,73,75,4.61
22,Hermanus,-34.4187,19.2345,58.8,58.8,74,13,27.13
23,Dingle,10.9995,122.6711,81.59,81.59,83,65,3.96
24,Airai,-8.9266,125.4092,63.05,63.05,67,93,5.55
25,Los Llanos de Aridane,28.6585,-17.9182,69.55,69.55,73,100,12.66
26,Laguna,38.421,-121.4238,96.94,105.31,26,0,10.36
27,Granada,37.1882,-3.6067,74.23,75.9,48,0,0.0
28,São João da Barra,-21.6403,-41.0511,69.53,69.53,84,61,18.88
29,Pierre,44.3683,-100.351,81.52,81.52,57,0,17.27
30,Busselton,-33.65,115.3333,53.13,53.13,66,98,6.04
31,Sabang,5.8933,95.3214,80.15,80.15,80,100,22.3
32,Pozhva,59.0912,56.0847,61.83,61.83,84,36,5.79
33,Yar-Sale,66.8333,70.8333,51.66,51.66,72,59,20.94
34,Muravlenko,63.7898,74.523,51.4,51.4,76,30,16.58
35,Oranjemund,-28.55,16.4333,58.33,58.33,86,99,13.06
36,Atuona,-9.8,-139.0333,76.98,76.98,70,75,10.8
37,Muaná,-1.5283,-49.2167,74.75,74.75,93,89,6.06
38,Uribia,11.7139,-72.266,88.3,88.3,51,56,2.08
39,Albany,42.6001,-73.9662,72.5,76.23,75,54,5.06
40,North Platte,41.1239,-100.7654,89.44,91.11,33,0,11.5
41,Bluff,-46.6,168.3333,49.8,49.8,62,63,4.56
42,Bilma,18.6853,12.9164,93.2,93.2,26,69,8.63
43,Gurupá,-1.405,-51.64,73.27,73.27,98,78,2.17
44,Ushuaia,-54.8,-68.3,42.46,42.46,42,20,11.5
45,Severo-Kuril'sk,50.6789,156.125,56.14,56.14,82,74,16.96
46,East London,-33.0153,27.9116,76.42,76.42,29,0,12.08
47,Esperance,-33.8667,121.9,51.1,51.1,72,100,11.79
48,Thompson,55.7435,-97.8558,60.96,60.96,48,100,6.91
49,Kilindoni,-7.9139,39.6668,75.43,75.43,77,0,14.76
50,Praia,14.9215,-23.5087,79.34,79.34,78,40,2.3
51,Saint-Augustin,51.226,-58.6502,61.03,61.03,92,97,5.99
52,Aketi,2.7388,23.7833,68.4,68.4,99,82,1.07
53,Temax,21.15,-88.9333,83.1,83.1,72,71,1.7
54,Medvedok,57.3891,50.0351,64.74,64.74,65,42,2.8
55,Mar del Plata,-38.0023,-57.5575,58.33,59.09,78,51,1.99
56,Half Moon Bay,37.4636,-122.4286,67.44,87.04,76,100,23.02
57,Tuktoyaktuk,69.4541,-133.0374,57.2,57.2,94,100,5.75
58,Opuwo,-18.0607,13.84,62.85,62.85,27,4,4.34
59,Punta Arenas,-53.15,-70.9167,39.31,39.31,65,20,31.07
60,Shagonar,51.5333,92.8,51.44,51.44,58,3,1.12
61,Nikolskoye,59.7035,30.7861,72.27,72.91,60,87,5.23
62,Hualmay,-11.0964,-77.6139,62.1,62.1,81,16,8.61
63,Dikson,73.5069,80.5464,38.61,38.61,97,100,28.92
64,Dobson,36.3957,-80.7226,75.79,78.8,84,75,0.0
65,Yulara,-25.2406,130.9889,51.89,51.89,40,0,16.51
66,Soure,-0.7167,-48.5233,78.73,78.73,84,41,11.74
67,Fare,-16.7,-151.0167,75.99,75.99,81,34,13.8
68,Tautira,-17.7333,-149.15,76.39,76.39,78,80,19.17
69,Angoche,-16.2325,39.9086,71.83,71.83,80,95,9.82
70,Bălţi,47.7617,27.9289,69.21,69.21,32,25,6.62
71,Saint Paul Harbor,57.79,-152.4072,58.51,58.51,82,100,0.0
72,New Norfolk,-42.7826,147.0587,51.08,56.91,83,88,1.01
73,Puerto Ayora,-0.7393,-90.3518,66.54,66.54,89,85,5.01
74,Hilo,19.7297,-155.09,80.73,87.28,72,75,11.5
75,La Paz,-16.5,-68.15,46.38,46.38,28,8,6.91
76,Bredasdorp,-34.5322,20.0403,54.19,54.19,77,1,11.18
77,Andenes,69.3143,16.1194,48.18,51.93,87,32,9.22
78,Kimbe,-5.5502,150.1429,87.15,87.15,57,16,2.24
79,Ambilobe,-13.2,49.05,63.66,63.66,77,14,4.68
80,Jijiang,29.2906,106.2542,88.18,88.18,58,100,2.89
81,Adrar,20.5022,-10.0711,95.49,95.49,32,4,12.95
82,Bengkulu,-3.8004,102.2655,74.21,74.21,88,75,4.05
83,Fortuna,40.5982,-124.1573,60.17,66.09,95,100,11.5
84,Christchurch,-43.5333,172.6333,51.71,52.95,73,75,16.11
85,North Bend,43.4065,-124.2243,66.38,77.23,88,100,9.22
86,Chokurdakh,70.6333,147.9167,44.89,44.89,66,96,12.35
87,Hong Kong,22.2855,114.1577,78.12,82.45,92,92,14.0
88,Srednekolymsk,67.45,153.6833,47.57,47.57,86,100,15.08
89,Zhigansk,66.7697,123.3711,48.97,48.97,63,15,8.95
90,Yumen,40.2833,97.2,68.94,68.94,49,92,12.88
91,Saskylakh,71.9167,114.0833,42.67,42.67,82,100,11.74
92,Cherskiy,68.75,161.3,64.31,64.31,51,74,6.42
93,Port Elizabeth,-33.918,25.5701,61.09,61.09,88,0,13.8
94,Seoul,37.5683,126.9778,70.99,72.84,67,94,2.04
95,La Ronge,55.1001,-105.2842,73.65,73.65,49,20,6.91
96,Ishim,56.1128,69.4902,56.62,56.62,79,49,6.04
97,Venâncio Aires,-29.6064,-52.1919,64.33,67.82,91,24,2.55
98,Touros,-5.1989,-35.4608,74.75,74.75,80,56,17.05
99,Barcelos,41.5388,-8.6151,66.65,67.91,97,20,1.68
100,Nizhniy Tsasuchey,50.5167,115.1333,50.88,50.88,52,16,17.76
101,Nome,64.5011,-165.4064,50.07,51.17,76,100,10.36
102,Mīrābād,30.4362,61.8383,75.72,75.72,15,29,24.52
103,Kasongo-Lunda,-6.4667,16.8167,76.14,76.14,53,69,2.42
104,George Town,5.4112,100.3354,79.84,79.9,91,20,2.3
105,Boone,39.0334,-92.3335,84.29,86.25,49,1,4.56
106,Talnakh,69.4865,88.3972,47.21,47.21,82,58,1.54
107,Avarua,-21.2078,-159.775,78.85,78.85,61,40,12.66
108,Longyearbyen,78.2186,15.6401,42.64,42.64,81,100,9.22
109,Lodwar,3.1191,35.5973,80.76,80.76,45,89,18.16
110,Cape Town,-33.9258,18.4232,57.87,59.11,79,75,25.32
111,Tomatlán,19.9333,-105.25,84.81,84.81,71,34,6.44
112,Tiksi,71.6872,128.8694,43.74,43.74,77,53,7.54
113,Pevek,69.7008,170.3133,44.2,44.2,81,65,2.93
114,Mount Isa,-20.7333,139.5,62.37,62.37,20,0,18.41
115,Comodoro Rivadavia,-45.8667,-67.5,55.26,55.26,33,100,18.41
116,Ostrovnoy,68.0531,39.5131,46.27,46.27,82,100,5.53
117,Tubualá,9.5167,-79.0333,80.58,80.58,81,82,4.81
118,Iqaluit,63.7506,-68.5145,41.7,41.7,86,100,23.0
119,Portland,45.5234,-122.6762,92.8,96.57,40,20,10.36
120,Iquique,-20.2208,-70.1431,57.24,57.24,78,64,4.56
121,Carnarvon,-24.8667,113.6333,66.79,66.79,31,4,6.26
122,Robertsport,6.7533,-11.3686,75.92,75.92,87,100,12.8
123,Caravelas,-17.7125,-39.2481,69.49,69.49,82,3,4.45
124,Ponta do Sol,32.6667,-17.1,69.12,72.23,70,9,4.65
125,Zeya,53.75,127.2667,61.86,61.86,51,23,3.24
126,Geraldton,-28.7667,114.6,54.01,54.01,62,73,11.5
127,Aktau,43.65,51.2,64.98,64.98,32,0,12.71
128,Ancud,-41.8697,-73.8203,45.23,45.23,81,100,6.06
129,Avera,33.194,-82.5271,79.02,80.11,77,100,6.13
130,Shangqiu,34.45,115.65,73.04,73.04,63,75,3.65
131,Hofn,64.2539,-15.2082,50.68,50.68,82,99,11.27
132,Miraflores,19.2167,-98.8083,68.27,68.65,81,87,3.15
133,Indianola,41.3581,-93.5574,84.27,85.71,57,35,8.25
134,Coquimbo,-29.9533,-71.3436,53.33,53.33,93,100,3.44
135,Mankono,8.0586,-6.1897,68.81,68.81,89,49,4.23
136,Kruisfontein,-34.0033,24.7314,68.4,68.4,28,21,11.16
137,Santo André,-23.6639,-46.5383,61.88,64.13,89,100,8.05
138,Bambous Virieux,-20.3428,57.7575,70.05,70.05,64,20,8.05
139,Safonovo,55.15,33.2167,59.83,59.83,64,5,4.65
140,Divnogorsk,55.9594,92.3619,57.69,57.69,94,74,3.6
141,Alofi,-19.0595,-169.9187,80.49,80.49,65,75,13.8
142,Faya,18.3851,42.4509,66.72,66.72,43,90,3.8
143,Chitungwiza,-18.0127,31.0756,50.92,50.92,77,43,3.53
144,Eskişehir,39.7767,30.5206,60.71,60.71,82,40,5.75
145,Port Moresby,-9.4431,147.1797,80.83,80.83,74,92,1.14
146,Picota,-6.9197,-76.3304,79.29,79.29,67,29,1.43
147,Beyneu,45.3167,55.2,72.01,72.01,24,0,6.17
148,Rome,43.2128,-75.4557,69.89,72.73,79,0,3.44
149,Nanortalik,60.1432,-45.2371,42.66,42.66,97,86,3.18
150,Grindavik,63.8424,-22.4338,50.47,51.75,87,75,10.36
151,Horsham,51.064,-0.3272,65.19,70.02,87,0,2.3
152,Elk Point,42.6833,-96.6836,80.76,80.76,30,77,6.85
153,Usinsk,65.9939,57.5281,43.63,43.63,93,68,10.67
154,Mtambile,-5.3833,39.7,74.16,74.16,81,17,12.08
155,Jiblah,13.9216,44.1467,65.7,65.7,59,97,2.24
156,Upernavik,72.7868,-56.1549,40.86,40.86,82,64,10.4
157,Bambanglipuro,-7.95,110.2833,76.33,76.33,80,86,9.13
158,Souillac,-20.5167,57.5167,70.18,70.18,64,20,8.05
159,Huarmey,-10.0681,-78.1522,62.44,62.44,85,7,8.28
160,Kirkuk,35.4681,44.3922,88.99,88.99,22,0,5.79
161,Nyandoma,61.669,40.1991,62.55,62.55,71,79,5.82
162,Ternate,0.8,127.4,80.71,80.71,75,65,3.89
163,Nador,35.174,-2.9287,77.25,77.25,83,0,2.3
164,Mayor Pablo Lagerenza,-19.9309,-60.7718,80.87,80.87,32,18,5.26
165,Sitka,57.0531,-135.33,62.49,62.49,82,100,4.61
166,Sola,-13.8833,167.55,81.27,81.27,83,75,0.0
167,Swan Hill,-35.3378,143.5544,52.9,52.9,79,100,9.24
168,Lagoa,39.05,-27.9833,72.54,72.54,78,94,11.83
169,Farsund,58.0948,6.8047,66.06,66.94,100,42,12.97
170,Honningsvåg,70.9821,25.9704,47.95,47.95,93,100,0.0
171,Szamosszeg,48.0456,22.3658,67.6,67.6,86,45,5.14
172,Russellville,35.2784,-93.1338,82.67,83.98,63,0,3.44
173,Saint-François,46.4154,3.9054,58.44,60.67,82,0,3.44
174,Ruwi,23.5996,58.5507,83.89,83.89,59,66,4.29
175,Bichena,10.45,38.2,50.85,50.85,88,95,5.48
176,Catabola,-12.15,17.2833,61.41,61.41,34,32,3.89
177,Boca do Acre,-8.7522,-67.3978,80.44,80.44,40,36,1.88
178,Katsuura,35.1333,140.3,78.82,78.82,81,92,10.02
179,Port Alfred,-33.5906,26.891,74.41,74.41,32,1,18.66
180,Bosaso,11.2842,49.1816,88.77,88.77,43,12,12.75
181,Orlik,52.5178,99.825,42.4,42.4,88,97,3.02
182,Ribeira Grande,38.5167,-28.7,73.58,73.58,77,80,6.24
183,Itarema,-2.9248,-39.9167,78.44,78.44,81,63,15.82
184,Beringovskiy,63.05,179.3167,48.52,48.52,97,100,25.1
185,Jardim,-21.4803,-56.1381,77.04,77.04,43,87,5.01
186,Harbour Breton,47.4833,-55.7983,64.67,64.67,99,100,10.16
187,Atkinson,42.8384,-71.147,73.08,77.68,79,0,3.44
188,Veracruz,19.3333,-96.6667,77.83,77.83,81,84,4.25
189,Rosehearty,57.697,-2.1132,53.89,56.61,77,90,10.69
190,Klaksvík,62.2266,-6.589,50.92,50.92,94,72,26.66
191,Kaura Namoda,12.5898,6.5779,73.38,73.38,90,90,8.99
192,Durant,33.994,-96.3708,85.55,86.52,59,78,3.65
193,Jasper,37.2001,-94.3502,85.82,89.11,40,0,4.61
194,Havøysund,70.9963,24.6622,48.43,48.43,83,100,1.66
195,Abu Dhabi,24.4667,54.3667,90.66,91.51,76,0,5.75
196,Castro,-24.7911,-50.0119,54.52,54.52,81,43,2.86
197,Forsytheganj,52.6333,29.7333,64.89,64.89,57,59,6.51
198,Arraial do Cabo,-22.9661,-42.0278,66.51,66.51,85,92,16.98
199,São Filipe,14.8961,-24.4956,77.56,77.56,80,84,6.35
200,Oktyabr'skiy,54.4815,53.471,61.74,61.74,65,0,2.3
201,Shelby,35.2001,-89.8668,80.62,84.02,77,40,1.01
202,Qaanaaq,77.484,-69.3632,37.0,37.0,87,100,5.91
203,Hamilton,39.1834,-84.5333,77.25,79.05,60,20,3.44
204,Puerto Madryn,-42.7692,-65.0385,50.99,50.99,49,30,5.14
205,Mossamedes,-15.1961,12.1522,61.36,61.36,88,73,10.58
206,Oodweyne,9.4092,45.064,70.79,70.79,57,14,18.28
207,Vao,-22.6667,167.4833,72.21,72.21,73,1,5.88
208,Olafsvik,64.8945,-23.7142,48.85,48.85,86,93,10.78
209,Amazar,53.858,120.875,50.16,50.16,98,100,0.31
210,Nishihara,26.1842,127.7558,88.88,89.26,74,75,11.5
211,Aykhal,66.0,111.5,44.53,44.53,87,100,9.91
212,Distrikt Brokopondo,4.75,-55.1667,76.57,76.57,86,64,5.14
213,Berlevåg,70.8578,29.0864,55.08,55.35,62,100,18.41
214,Mehamn,71.0357,27.8492,53.55,55.31,76,100,8.05
215,Tsévié,6.4261,1.2133,71.55,71.55,86,65,4.65
216,Narsaq,60.9167,-46.05,46.62,46.62,92,91,3.13
217,Midland,31.9974,-102.0779,84.67,86.68,45,0,10.36
218,Cabo San Lucas,22.8909,-109.9124,88.14,90.7,62,20,19.57
219,San Quintín,30.4833,-115.95,75.13,75.13,73,24,7.63
220,Vila Franca do Campo,37.7167,-25.4333,71.2,71.2,83,98,5.97
221,Lukovetskiy,64.2956,41.9211,53.71,53.71,88,100,5.7
222,Katobu,-4.9408,122.5276,76.33,76.33,87,96,6.29
223,Ballina,-28.8667,153.5667,62.78,62.78,39,0,3.27
224,Kaitangata,-46.2817,169.8464,49.19,49.19,62,100,1.88
225,Knokke-Heist,51.3333,3.3333,72.39,73.42,74,49,5.01
226,Yerbogachën,61.2767,108.0108,47.84,47.84,82,100,8.05
227,Denpasar,-8.65,115.2167,79.72,80.26,78,40,18.41
228,Kununurra,-15.7667,128.7333,67.98,67.98,15,13,17.27
229,Nakasongola,1.3089,32.4564,64.42,64.42,81,79,3.89
230,Brownwood,31.7093,-98.9912,83.73,88.92,62,100,10.38
231,Victor Harbor,-35.5667,138.6167,55.99,55.99,87,82,1.01
232,Chui,-33.6971,-53.4616,56.23,56.23,93,36,3.6
233,Alice Springs,-23.7,133.8833,51.35,51.35,40,0,10.36
234,College,64.8569,-147.8028,62.83,65.21,65,75,0.0
235,Xining,36.6167,101.7667,57.79,57.79,83,98,1.39
236,Mount Gambier,-37.8333,140.7667,51.76,51.76,84,97,5.91
237,Beloha,-25.1667,45.05,64.4,64.4,81,47,11.92
238,Vila Velha,-20.3297,-40.2925,69.94,71.55,91,20,6.91
239,Tura,25.5198,90.2201,73.2,73.2,93,48,5.1
240,Troitskoye,52.9821,84.6757,50.83,50.83,87,0,5.61
241,Jacareacanga,-6.2222,-57.7528,79.16,79.16,57,51,3.0
242,Bunia,1.5667,30.25,61.86,61.86,92,30,3.42
243,Provideniya,64.3833,-173.3,44.71,44.71,100,100,8.99
244,Lata,40.1629,-8.3327,62.82,65.07,94,97,3.4
245,Freeport,40.6576,-73.5832,78.87,84.97,63,75,14.97
246,Urengoy,65.9667,78.3667,48.27,48.27,79,33,17.13
247,Maniitsoq,65.4167,-52.9,42.89,42.89,94,100,16.42
248,Plouzané,48.3833,-4.6167,64.53,64.72,94,100,8.05
249,Te Anau,-45.4167,167.7167,44.42,44.42,70,100,2.17
250,Guerrero Negro,27.9769,-114.0611,80.49,80.49,63,63,15.12
251,Pisco,-13.7,-76.2167,60.85,60.85,82,20,9.22
252,Tsimmerbude,54.675,20.1347,69.85,69.85,97,67,5.93
253,Vila,42.0304,-8.1588,62.71,62.71,85,25,4.74
254,Nizwá,22.9333,57.5333,86.16,86.16,43,91,1.72
255,Isangel,-19.55,169.2667,82.51,82.51,74,40,5.75
256,Verkhoyansk,67.5447,133.385,49.17,49.17,72,100,6.26
257,Margate,51.3813,1.3862,68.83,71.31,91,91,1.01
258,Khovd,48.0056,91.6419,53.04,53.04,42,0,2.75
259,Leningradskiy,69.3833,178.4167,45.32,45.32,73,45,9.48
260,Sabha,27.0377,14.4283,86.83,86.83,33,0,19.57
261,Ust'-Ishim,57.6935,71.1665,57.49,57.49,88,16,4.92
262,Port Hardy,50.6996,-127.4199,62.78,62.78,82,20,8.05
263,Chapadinha,-3.7417,-43.3603,77.52,77.52,76,97,6.46
264,Ilulissat,69.2167,-51.1,50.02,50.02,50,75,6.91
265,Kirensk,57.7853,108.1119,44.71,44.71,95,91,2.8
266,Saint Anthony,45.0205,-93.218,77.76,80.89,73,40,6.91
267,Sovetskiy,61.3614,63.5842,57.13,57.13,55,61,5.53
268,Kharian,32.8149,73.8636,78.01,78.01,88,36,2.68
269,Mahébourg,-20.4081,57.7,70.09,70.09,64,20,8.05
270,Nogliki,51.8333,143.1667,64.92,64.92,65,3,14.47
271,Gunjur,13.2019,-16.7339,73.47,73.47,100,75,0.0
272,Sinnamary,5.3833,-52.95,77.09,77.09,87,72,5.93
273,Potchefstroom,-26.7167,27.1,49.21,49.21,51,0,4.45
274,Broken Hill,-31.95,141.4333,51.87,51.87,64,6,8.19
275,Juegang,32.3174,121.1855,80.91,80.91,77,98,5.97
276,Gamba,-2.65,10.0,70.93,70.93,87,58,1.72
277,Watsa,3.0372,29.5355,62.83,62.83,98,63,2.48
278,Ahipara,-35.1667,173.1667,61.14,61.14,96,100,21.52
279,Atambua,-9.1061,124.8925,76.19,76.19,60,100,7.81
280,Kuznechnoye,61.12,29.8686,66.99,66.99,91,100,4.45
281,Pangani,-5.4333,38.9667,72.1,72.1,85,33,6.11
282,Beira,-19.8436,34.8389,69.08,69.08,84,0,5.7
283,Codrington,-38.2667,141.9667,52.77,52.77,87,88,10.04
284,Kumul,42.8,93.45,74.93,74.93,14,88,0.92
285,Ailigandí,9.2333,-78.0167,80.2,80.2,82,54,2.59
286,Camacupa,-12.0167,17.4833,62.17,62.17,33,31,4.32
287,Tuatapere,-46.1333,167.6833,49.5,49.5,54,98,0.94
288,Hasaki,35.7333,140.8333,79.2,79.29,80,97,12.28
289,Lázaro Cárdenas,17.9583,-102.2,84.87,84.87,67,15,8.84
290,Shimoda,34.6667,138.95,77.11,77.36,77,67,9.33
291,Nuuk,64.1835,-51.7216,47.01,47.01,81,75,29.93
292,Saurimo,-9.6608,20.3916,63.43,63.43,36,4,4.65
293,Northam,51.0333,-4.2167,59.45,62.38,84,100,7.4
294,Rocha,-34.4833,-54.3333,54.05,54.05,90,5,5.46
295,Otrado-Olginskoye,45.3104,40.9397,69.06,69.06,42,1,21.34
296,Garissa,-0.4536,39.6401,71.69,71.69,78,68,16.51
297,Saint-Joseph,-21.3667,55.6167,65.52,66.58,73,17,12.15
298,Clyde River,70.4692,-68.5914,35.83,35.83,93,100,5.75
299,Redmond,47.674,-122.1215,85.98,90.54,46,0,3.0
300,‘Ewa Beach,21.3156,-158.0072,84.36,85.37,65,40,17.27
301,Hirara,24.8,125.2833,86.27,87.66,84,40,11.5
302,Egvekinot,66.3167,-179.1667,43.05,43.05,95,100,9.4
303,Flinders,-34.5833,150.8552,60.82,61.18,62,17,8.01
304,Noumea,-22.2763,166.4572,75.99,80.58,99,15,3.91
305,Maragogi,-9.0122,-35.2225,71.46,71.46,82,61,9.44
306,Makakilo City,21.3469,-158.0858,83.16,83.95,65,100,17.27
307,Eufaula,31.8913,-85.1455,80.64,80.64,83,75,0.0
308,Mikkeli,61.6886,27.2723,60.91,63.14,100,100,8.05
309,San Andrés,12.5847,-81.7006,82.9,82.9,74,43,6.29
310,Gijang,35.2442,129.2139,74.93,74.93,73,86,0.54
311,Afogados da Ingazeira,-7.7508,-37.6392,66.31,66.31,79,89,14.79
312,Lorengau,-2.0226,147.2712,83.98,83.98,64,6,6.4
313,Ketchikan,55.3422,-131.6461,72.07,72.07,60,0,10.36
314,Cabedelo,-6.9811,-34.8339,72.27,72.27,82,34,13.56
315,Lompoc,34.6391,-120.4579,67.39,88.02,80,20,14.97
316,Kazygurt,41.7589,69.3864,65.59,65.59,21,0,5.06
317,Nhulunbuy,-12.2333,136.7667,77.61,77.61,50,17,18.41
318,Korla,41.7597,86.1469,74.7,74.7,23,89,8.7
319,Phan Thiet,10.9333,108.1,80.4,80.4,79,100,7.02
320,Saldanha,-33.0117,17.9442,57.29,57.29,85,100,23.51
321,Tasiilaq,65.6145,-37.6368,36.27,36.27,75,48,5.88
322,Kralendijk,12.15,-68.2667,84.18,84.18,74,0,18.41
323,Kirakira,-10.4544,161.9205,82.72,82.72,74,73,8.95
324,Agadir,30.4202,-9.5982,70.25,70.25,80,66,2.84
325,Fallon,39.4735,-118.7774,98.46,98.46,7,0,6.46
326,Darhan,49.4867,105.9228,46.31,46.31,85,87,0.51
327,Cortez,37.3489,-108.5859,68.58,73.04,58,40,8.05
328,Araouane,18.9048,-3.5265,90.37,90.37,45,69,11.23
329,Yārāda,17.65,83.2667,77.32,77.32,94,75,2.3
330,Nicoya,10.1483,-85.452,72.61,72.61,93,97,1.12
331,Assiut,27.181,31.1837,87.48,87.48,24,0,9.01
332,Meridian,43.6121,-116.3915,97.16,100.33,19,89,8.05
333,Rio Grande,-32.035,-52.0986,56.95,56.95,83,45,5.75
334,Kavaratti,10.5669,72.642,80.56,80.56,77,100,17.92
335,Mvomero,-6.25,38.6667,68.92,68.92,91,31,4.34
336,Acapulco de Juárez,16.8634,-99.8901,84.02,84.02,74,100,3.44
337,Tessalit,20.1986,1.0114,82.31,82.31,55,88,9.24
338,Coyhaique,-45.5752,-72.0662,42.75,42.75,70,75,4.61
339,Daura,11.5538,11.4085,71.56,71.56,84,100,5.61
340,Wewak,-3.5534,143.6268,82.26,82.26,76,57,5.66
341,Krasnorechenskiy,44.6265,135.3532,67.91,67.91,43,49,2.75
342,Siocon,7.7061,122.1353,80.91,80.91,80,100,5.82
343,Mezhova,48.2532,36.7347,70.54,70.54,30,4,11.3
344,Clifton,40.8584,-74.1638,80.76,85.44,46,0,9.22
345,The Pas,53.8251,-101.2541,69.82,69.82,37,0,6.91
346,Dudinka,69.4058,86.1778,47.62,47.62,83,89,5.19
347,Pyu,18.4833,96.4333,76.91,76.91,92,96,1.07
348,Matara,5.9485,80.5353,77.04,77.04,88,60,13.31
349,Balaipungut,1.05,101.2833,74.37,74.37,96,79,3.09
350,Najrān,17.4924,44.1277,81.25,81.25,25,100,4.7
351,Lakes Entrance,-37.8811,147.981,58.15,58.15,89,95,12.8
352,Pangnirtung,66.1451,-65.7125,43.03,43.03,92,100,3.11
353,Le Port,-20.9373,55.2919,64.71,68.0,66,47,7.29
354,Springfield,37.2153,-93.2982,81.59,84.22,55,0,8.05
355,Linxia Chengguanzhen,35.6003,103.2064,60.01,60.01,78,100,0.47
356,Kamenka,51.3223,42.7678,72.16,72.16,37,77,10.33
357,Henties Bay,-22.116,14.2845,55.58,55.58,88,39,8.03
358,Yakeshi,49.2833,120.7333,48.92,48.92,72,25,13.15
359,Cidreira,-30.1811,-50.2056,61.03,61.03,86,18,6.8
360,Colares,38.7992,-9.4469,67.19,68.76,91,2,31.0
361,Aklavik,68.2191,-135.0107,65.25,65.25,66,100,4.09
362,San Patricio,28.017,-97.5169,87.13,89.55,60,93,7.18
363,Tondano,1.3038,124.9112,77.09,77.09,78,48,3.13
364,Winsum,53.33,6.5208,67.95,72.99,83,82,10.04
365,Saint George,37.1041,-113.5841,93.79,93.79,21,0,18.41
366,San Miguel de Tucumán,-26.8241,-65.2226,71.6,71.6,33,0,5.75
367,Urusha,54.05,122.9,51.57,51.57,77,100,4.41
368,Dunedin,-45.8742,170.5036,48.9,48.9,74,100,9.8
369,Lubań,51.1201,15.2877,64.96,65.59,93,6,2.93
370,Havre-St-Pierre,50.2334,-63.5986,61.16,62.6,94,0,6.91
371,Tolaga Bay,-38.3667,178.3,59.09,59.09,54,99,6.91
372,Kismayo,-0.3582,42.5454,74.52,74.52,83,90,17.0
373,Durrës,41.3231,19.4414,69.98,69.98,71,96,3.13
374,Port Lincoln,-34.7333,135.8667,55.71,55.71,85,100,6.35
375,Vestmannaeyjar,63.4427,-20.2734,50.97,50.97,94,98,7.47
376,Jackson,42.4165,-122.8345,96.13,98.15,29,0,12.66
377,Rundu,-17.9333,19.7667,59.07,59.07,40,5,4.94
378,Hīt,33.6416,42.8251,89.73,89.73,22,0,9.1
379,Esmeraldas,-19.7625,-44.3139,68.59,68.86,41,51,9.28
380,Chu,43.5983,73.7614,67.73,67.73,26,89,1.5
381,Dubai,25.2582,55.3047,94.33,96.73,14,0,8.05
382,Kankan,10.3854,-9.3057,69.89,69.89,97,100,7.25
383,Torbay,47.6666,-52.7314,67.96,69.58,91,75,24.16
384,Corrales,35.2378,-106.6067,80.2,85.1,44,0,11.01
385,Fairbanks,64.8378,-147.7164,62.62,65.23,65,100,0.0
386,Trenggalek,-8.05,111.7167,73.42,73.42,91,100,5.7
387,Keti Bandar,24.1447,67.4497,79.74,79.74,86,100,17.49
388,Makungu,-8.7333,35.2833,55.85,55.85,77,15,2.84
389,Constitución,-35.3333,-72.4167,51.13,51.13,85,75,11.34
390,Bairiki Village,1.3292,172.9752,86.0,86.0,70,20,6.91
391,Cancún,21.1743,-86.8466,84.13,84.13,74,75,0.0
392,Zhirnovsk,50.9845,44.7735,67.77,67.77,42,15,7.96
393,Chapais,49.7834,-74.8492,58.78,58.78,66,76,5.19
394,Domoni,-12.2569,44.5319,73.92,73.92,78,9,5.1
395,Jilib,0.4883,42.7854,72.1,72.1,87,90,8.43
396,Guaramirim,-26.4731,-49.0028,63.7,66.92,99,34,0.81
397,Umba,66.6871,34.3429,50.38,50.38,93,100,5.99
398,Arlit,18.7369,7.3853,86.61,86.61,46,79,11.5
399,Huruiești,46.2667,27.25,66.67,66.7,44,94,8.99
400,Roald,62.5833,6.1333,62.29,68.92,88,100,5.75
401,Mérida,20.9667,-89.6167,77.02,77.02,94,75,6.91
402,Phra Phutthabat,14.7253,100.7954,75.76,81.82,98,100,9.42
403,Kavieng,-2.5744,150.7967,82.83,82.83,73,45,5.75
404,Shelburne,44.0787,-80.2041,66.38,68.45,89,22,4.81
405,Bathsheba,13.2167,-59.5167,81.21,81.21,89,75,18.41
406,Kiryat Motzkin,32.8364,35.0753,75.02,75.02,87,0,7.99
407,Ursulo Galván,22.7333,-98.3,94.23,96.69,47,74,13.24
408,Karratha,-20.7377,116.8463,66.09,66.09,22,11,19.01
409,Coari,-4.085,-63.1414,80.42,80.42,55,60,3.58
410,Mosquera,4.7059,-74.2302,53.82,53.82,85,53,3.47
411,Quatre Cocos,-20.2078,57.7625,68.09,69.91,63,81,15.35
412,Piaçabuçu,-10.4056,-36.4344,71.58,71.58,79,34,8.39
413,San Carlos,9.6612,-68.5827,74.14,74.14,90,53,2.62
414,Samarai,-10.6167,150.6667,81.32,81.32,77,68,12.8
415,Fort Nelson,58.8053,-122.7002,85.59,85.59,37,20,3.44
416,Rudnichnyy,59.617,52.4703,61.79,61.79,86,73,5.06
417,Bondo,3.8146,23.6866,68.97,68.97,98,99,0.96
418,Caucayá,-0.1934,-74.7819,73.99,73.99,81,95,1.86
419,Yicheng,31.3705,119.8703,78.37,78.37,84,96,8.48
420,Vilyuysk,63.7553,121.6247,46.71,46.71,82,100,5.68
421,Philadelphia,39.9523,-75.1638,80.15,84.09,55,0,10.36
422,Viedma,-40.8135,-62.9967,49.87,49.87,48,100,5.79
423,Yaoundé,3.8667,11.5167,65.66,65.66,97,100,3.47
424,Dalby,-27.1833,151.2667,53.29,53.29,49,0,6.6
425,Kitimat,54.0524,-128.6534,86.92,91.78,52,4,0.76
426,Tucuruí,-3.7661,-49.6725,79.56,79.56,62,68,4.27
427,Dauphin,51.1494,-100.0502,66.34,66.34,55,0,6.91
428,Port Hedland,-20.3167,118.5667,68.05,68.05,17,2,18.41
429,Mogwase,-25.185,27.2665,56.21,56.21,41,0,4.34
430,Huanan,46.2167,130.5167,63.12,63.12,72,39,4.45
431,Tuy Hoa,13.0833,109.3,79.47,79.47,82,100,6.06
432,Sarkand,45.41,79.9186,62.06,62.06,29,96,2.73
433,Kaeo,-35.1,173.7833,60.33,60.33,96,100,21.09
434,Lavrentiya,65.5833,-171.0,42.22,42.22,85,99,9.84
435,Punta Alta,-38.8759,-62.0736,56.98,56.98,46,88,6.22
436,Kirby,29.4633,-98.3856,82.83,86.88,78,75,1.01
437,Atar,20.5169,-13.0499,92.77,92.77,39,27,15.32
438,Selty,57.3132,52.1345,62.33,62.33,75,28,3.51
439,Salalah,17.0151,54.0924,75.29,75.29,100,100,3.44
440,Huilong,31.8111,121.655,80.92,80.92,74,71,8.19
441,Clarksdale,34.2001,-90.5709,78.78,78.78,78,100,6.91
442,Bandarbeyla,9.4942,50.8122,77.0,77.0,74,0,24.16
443,Barabai,-2.5833,115.3833,76.01,76.01,92,99,1.16
444,Olinda,-8.0089,-34.8553,76.73,76.73,73,40,13.8
445,Ygatimi,-24.0833,-55.5,69.03,69.03,70,54,5.19
446,Barra dos Coqueiros,-10.9089,-37.0386,75.22,75.22,78,40,8.05
447,Kyabé,9.4515,18.9449,67.91,67.91,98,99,3.74
448,Kitami,43.8031,143.8908,74.66,74.66,59,99,6.02
449,Lüderitz,-26.6481,15.1594,58.96,58.96,83,63,4.34
450,Kenai,60.5544,-151.2583,62.38,62.65,70,75,9.22
451,Nikolayevsk-on-Amur,53.1406,140.73,63.19,63.19,49,5,3.91
452,Pantai Remis,4.4557,100.6288,75.22,75.22,88,83,4.03
453,Verkh-Usugli,52.7,115.1667,46.33,46.33,59,0,3.87
454,Antofagasta,-23.65,-70.4,56.48,56.48,84,36,6.33
455,El Cortezo,8.35,-80.6,76.77,76.77,90,100,7.43
456,Jizan,17.3333,42.6667,85.14,85.14,54,97,3.13
457,Aksu,41.1231,80.2644,72.61,72.61,37,100,14.67
458,Mingora,34.7758,72.3625,71.11,71.11,83,100,4.52
459,Kvarkeno,52.0833,59.725,62.4,62.4,54,19,3.85
460,Poso,-1.3959,120.7524,81.07,81.07,72,80,2.28
461,Kostomuksha,64.571,30.5767,50.25,50.25,95,100,10.89
462,Tual,-5.6667,132.75,79.11,79.11,79,93,23.87
463,Contai,21.7786,87.7536,78.82,78.82,82,4,7.11
464,Chingola,-12.529,27.8838,64.6,64.6,49,71,6.08
465,Bariloche,-41.1456,-71.3082,40.75,40.75,56,0,16.11
466,Kiryat Gat,31.61,34.7642,77.16,80.4,70,0,6.85
467,Yangi Marg`ilon,40.4272,71.7189,75.92,75.92,33,98,4.61
468,Itoigawa,37.0333,137.85,76.01,76.01,77,77,6.64
469,Saint-Leu,-21.15,55.2833,64.83,67.06,69,14,2.89
470,Imeni Poliny Osipenko,52.4201,136.4853,60.71,60.71,67,15,7.0
471,Nara,34.6851,135.8049,87.04,87.17,83,46,1.3
472,San Policarpo,12.1791,125.5072,84.15,84.15,73,76,6.11
473,Borovoy,55.4333,86.0833,56.48,56.48,88,0,4.47
474,Padang,-0.9492,100.3543,73.45,73.45,86,57,2.73
475,Whitehorse,60.7161,-135.0538,70.23,75.02,48,100,20.0
476,Vadsø,70.0744,29.7487,51.96,51.96,76,85,6.91
477,Sebastian,35.1668,-94.2669,84.58,84.79,47,13,5.03
478,Magadan,59.5667,150.8,52.99,52.99,82,100,6.69
479,Qazvin,36.2797,50.0049,65.05,65.05,60,0,8.1
480,Cockburn Town,21.4612,-71.1419,83.52,83.52,78,3,17.49
481,Namatanai,-3.6667,152.4333,84.36,84.36,64,71,2.8
482,Sangar,63.9242,127.4739,49.93,49.93,69,52,10.56
483,Anáhuac,27.2333,-100.15,97.3,97.3,32,83,9.75
484,Port Blair,11.6667,92.75,77.04,77.04,94,40,2.3
485,Luklukan,14.3254,122.7124,82.78,82.78,78,67,4.88
486,Vanavara,60.34,102.2797,47.28,47.28,95,99,6.98
487,Cocorit,27.5833,-109.9667,88.14,88.14,50,92,10.6
488,Áratos,41.0833,25.55,71.15,71.15,85,100,6.33
489,Syedove,47.0768,38.156,76.57,76.57,48,0,23.44
490,Athens,37.9795,23.7162,71.96,74.16,86,20,1.99
491,Broken Arrow,36.0526,-95.7908,86.92,88.59,41,0,8.05
492,Tarakan,3.3,117.6333,80.17,80.17,77,100,2.48
493,Folkestone,51.0833,1.1833,69.73,71.33,85,73,1.99
494,Humboldt,40.6665,-123.9178,53.53,74.61,54,3,7.11
495,Kulhudhuffushi,6.6221,73.07,79.11,79.11,80,100,15.57
496,Manokwari,-0.8667,134.0833,81.61,81.61,70,26,4.63
497,Florø,61.5996,5.0328,67.96,67.96,73,100,21.85
498,Faanui,-16.4833,-151.75,76.05,76.05,81,4,10.89
499,Tamala,52.541,43.2515,69.85,69.85,38,81,8.41
500,Rodeo,38.033,-122.2669,70.99,95.32,68,0,14.97
501,Katherine,-14.4667,132.2667,66.52,66.52,15,2,17.27
502,Halifax,44.6453,-63.5724,69.53,69.69,97,84,5.99
503,Qingdao,36.0986,120.3719,69.4,69.4,88,0,6.71
504,Kidal,18.4411,1.4078,86.54,86.54,47,11,12.53
505,Koboko,3.4136,30.9599,59.81,59.81,94,43,3.67
506,Nsanje,-16.92,35.262,64.94,64.94,77,81,2.26
507,Semnan,35.5729,53.3971,67.05,67.05,24,0,4.21
508,Agirish,61.9247,63.0231,54.09,54.09,54,79,5.23
509,Biak,-0.9131,122.8766,78.55,78.55,79,59,4.79
510,Gorontalo,0.5412,123.0595,80.17,80.17,79,21,0.58
511,Sisimiut,66.9395,-53.6735,43.2,43.2,89,100,3.91
512,Ciudad Bolivar,8.1222,-63.5497,80.78,80.78,70,74,3.36
513,Upata,8.0086,-62.3989,74.19,74.19,98,96,3.0
514,Kloulklubed,7.0419,134.2556,84.7,84.7,64,66,6.96
515,Ruteng,-8.6136,120.4721,66.52,66.52,69,85,2.35
516,Kahului,20.8947,-156.47,88.05,89.62,56,20,13.8
517,Kalengwa,-13.4659,25.0027,60.57,60.57,47,75,6.11
518,Terrace,54.5163,-128.6035,91.31,91.31,35,20,3.44
519,Port Macquarie,-31.4333,152.9167,59.9,59.9,44,0,2.68
520,Ambon City,-3.6954,128.1814,75.34,75.34,94,75,6.91
521,Marsá Maţrūḩ,31.3525,27.2453,77.83,77.83,67,0,7.52
522,Whitianga,-36.8333,175.7,58.42,58.42,84,100,12.21
523,Fukuechō,32.6881,128.8419,82.76,82.76,74,75,6.91
524,Griffith,41.5284,-87.4237,77.77,81.25,65,0,5.75
525,Coro,11.4045,-69.6734,82.31,82.31,77,75,17.18
526,Ivolginsk,51.7492,107.2837,49.66,49.66,81,75,8.95
